-- =========================
-- Local dev seed data
-- 1 tournament · 2 divisions · 3 teams each · 2 fields · 3 timeslots · 1 phase each · 3 games each
-- Uses fixed UUIDs so this is idempotent via ON CONFLICT DO NOTHING
-- =========================

-- Tournament
INSERT INTO tournament (id, name, season_year, start_date, end_date, timezone, status)
VALUES ('a0000000-0000-0000-0000-000000000001', 'Dev Tournament 2026', 2026, '2026-06-01', '2026-06-02', 'Australia/Sydney', 'DRAFT')
ON CONFLICT DO NOTHING;

-- Divisions
INSERT INTO division (id, tournament_id, name, order_index) VALUES
  ('b0000000-0000-0000-0000-000000000001', 'a0000000-0000-0000-0000-000000000001', 'Open', 0),
  ('b0000000-0000-0000-0000-000000000002', 'a0000000-0000-0000-0000-000000000001', 'Women', 1)
ON CONFLICT DO NOTHING;

-- Teams (Open)
INSERT INTO team (id, division_id, name, seed) VALUES
  ('c0000000-0000-0000-0000-000000000001', 'b0000000-0000-0000-0000-000000000001', 'Alpha',   1),
  ('c0000000-0000-0000-0000-000000000002', 'b0000000-0000-0000-0000-000000000001', 'Bravo',   2),
  ('c0000000-0000-0000-0000-000000000003', 'b0000000-0000-0000-0000-000000000001', 'Charlie', 3)
ON CONFLICT DO NOTHING;

-- Teams (Women)
INSERT INTO team (id, division_id, name, seed) VALUES
  ('c0000000-0000-0000-0000-000000000004', 'b0000000-0000-0000-0000-000000000002', 'Delta',   1),
  ('c0000000-0000-0000-0000-000000000005', 'b0000000-0000-0000-0000-000000000002', 'Echo',    2),
  ('c0000000-0000-0000-0000-000000000006', 'b0000000-0000-0000-0000-000000000002', 'Foxtrot', 3)
ON CONFLICT DO NOTHING;

-- Fields
INSERT INTO field (id, tournament_id, name) VALUES
  ('d0000000-0000-0000-0000-000000000001', 'a0000000-0000-0000-0000-000000000001', 'Field 1'),
  ('d0000000-0000-0000-0000-000000000002', 'a0000000-0000-0000-0000-000000000001', 'Field 2')
ON CONFLICT DO NOTHING;

-- Timeslots
INSERT INTO timeslot (id, tournament_id, day_date, start_time, end_time, label) VALUES
  ('e0000000-0000-0000-0000-000000000001', 'a0000000-0000-0000-0000-000000000001', '2026-06-01', '09:00', '10:30', 'Day 1 Round 1'),
  ('e0000000-0000-0000-0000-000000000002', 'a0000000-0000-0000-0000-000000000001', '2026-06-01', '11:00', '12:30', 'Day 1 Round 2'),
  ('e0000000-0000-0000-0000-000000000003', 'a0000000-0000-0000-0000-000000000001', '2026-06-02', '09:00', '10:30', 'Day 2 Round 1')
ON CONFLICT DO NOTHING;

-- Phases (one Pool Play phase per division)
INSERT INTO phase (id, tournament_id, division_id, name, order_index, type) VALUES
  ('f0000000-0000-0000-0000-000000000001', 'a0000000-0000-0000-0000-000000000001', 'b0000000-0000-0000-0000-000000000001', 'Pool Play', 0, 'POOL_PLAY'),
  ('f0000000-0000-0000-0000-000000000002', 'a0000000-0000-0000-0000-000000000001', 'b0000000-0000-0000-0000-000000000002', 'Pool Play', 0, 'POOL_PLAY')
ON CONFLICT DO NOTHING;

-- Games: Open Pool Play (3 teams → 3 round-robin games)
INSERT INTO game (id, division_id, phase_id, team1_id, team2_id, timeslot_id, game_number, status) VALUES
  ('90000000-0000-0000-0000-000000000001', 'b0000000-0000-0000-0000-000000000001', 'f0000000-0000-0000-0000-000000000001', 'c0000000-0000-0000-0000-000000000001', 'c0000000-0000-0000-0000-000000000002', 'e0000000-0000-0000-0000-000000000001', 1, 'SCHEDULED'),
  ('90000000-0000-0000-0000-000000000002', 'b0000000-0000-0000-0000-000000000001', 'f0000000-0000-0000-0000-000000000001', 'c0000000-0000-0000-0000-000000000002', 'c0000000-0000-0000-0000-000000000003', 'e0000000-0000-0000-0000-000000000002', 2, 'SCHEDULED'),
  ('90000000-0000-0000-0000-000000000003', 'b0000000-0000-0000-0000-000000000001', 'f0000000-0000-0000-0000-000000000001', 'c0000000-0000-0000-0000-000000000001', 'c0000000-0000-0000-0000-000000000003', 'e0000000-0000-0000-0000-000000000003', 3, 'SCHEDULED')
ON CONFLICT DO NOTHING;

-- Games: Women Pool Play (3 teams → 3 round-robin games)
INSERT INTO game (id, division_id, phase_id, team1_id, team2_id, timeslot_id, game_number, status) VALUES
  ('90000000-0000-0000-0000-000000000004', 'b0000000-0000-0000-0000-000000000002', 'f0000000-0000-0000-0000-000000000002', 'c0000000-0000-0000-0000-000000000004', 'c0000000-0000-0000-0000-000000000005', 'e0000000-0000-0000-0000-000000000001', 4, 'SCHEDULED'),
  ('90000000-0000-0000-0000-000000000005', 'b0000000-0000-0000-0000-000000000002', 'f0000000-0000-0000-0000-000000000002', 'c0000000-0000-0000-0000-000000000005', 'c0000000-0000-0000-0000-000000000006', 'e0000000-0000-0000-0000-000000000002', 5, 'SCHEDULED'),
  ('90000000-0000-0000-0000-000000000006', 'b0000000-0000-0000-0000-000000000002', 'f0000000-0000-0000-0000-000000000002', 'c0000000-0000-0000-0000-000000000004', 'c0000000-0000-0000-0000-000000000006', 'e0000000-0000-0000-0000-000000000003', 6, 'SCHEDULED')
ON CONFLICT DO NOTHING;
